Profile Name,Title Name,Country,Utc Title Add Date
Onur ps5,10 Days of a Good Man,Turkey,2023-05-07
Onur ps5,Two Distant Strangers,Turkey,2023-04-02
Onur ps5,Cunk On Earth,Turkey,2023-02-04
Onur ps5,Day Shift,Turkey,2022-08-21
Onur ps5,Year One,Turkey,2022-05-13
Onur ps5,The Adam Project,Turkey,2022-03-13
Onur ps5,Wanderlust,Turkey,2022-02-17
Onur ps5,How I Fell in Love with a Gangster,Turkey,2022-01-16
Onur ps5,Whatever It Takes,Turkey,2022-01-14
Onur ps5,Airplane!,Turkey,2022-01-11
Onur ps5,What's Your Number?,Turkey,2021-11-26
Onur ps5,An Astrological Guide for Broken Hearts,Turkey,2021-11-11
Onur ps5,WHAT / IF,Turkey,2021-10-30
Onur ps5,Inside Job,Turkey,2021-10-24
Onur ps5,Archer,Turkey,2021-04-10
Onur ps5,Kiss Me First,Turkey,2021-04-02
Onur ps5,Spirited Away,Turkey,2021-04-02
Onur ps5,How to Lose a Guy in 10 Days,Turkey,2021-04-02
Onur ps5,I Care a Lot,Turkey,2021-04-02
Onur ps5,Age of Samurai: Battle for Japan,Turkey,2021-02-26
Onur ps5,Night,Turkey,2021-02-26
Onur ps5,Scent of a Woman,Turkey,2021-02-25
Onur ps5,Awakenings,Turkey,2021-02-25
Onur ps5,The Usual Suspects,Turkey,2021-02-16
Onur ps5,The Hateful Eight,Turkey,2021-02-16
Onur ps5,White Lines,Turkey,2021-02-04
Onur ps5,#blackAF,Turkey,2021-01-31
Onur ps5,Aunty Donna's Big Ol' House of Fun,Turkey,2020-11-15
Onur ps5,Close Enough,Turkey,2020-11-03
Onur ps5,GLOW,Turkey,2020-11-03
Onur ps5,South Park,Turkey,2020-09-01
Onur ps5,100 Humans,Turkey,2020-08-28
Onur ps5,History 101,Turkey,2020-05-30
Onur ps5,Unorthodox,Turkey,2020-05-02
Onur ps5,Breaking Bad,Turkey,2020-04-08
Onur ps5,Pandemic: How to Prevent an Outbreak,Turkey,2020-02-05
Onur ps5,The Circle,Turkey,2020-02-01
Onur ps5,After Life,Turkey,2019-11-19
Onur ps5,How to Sell Drugs Online (Fast),Turkey,2019-06-07
Onur ps5,Triple Frontier,Turkey,2019-06-07
Onur ps5,"Extremely Wicked, Shockingly Evil and Vile",Turkey,2019-05-08
Onur ps5,Unsolved,Turkey,2019-04-19
Onur ps5,Sausage Party,Turkey,2019-04-17
Onur ps5,Disenchantment,Turkey,2019-04-17
Onur ps5,Super Drags,Turkey,2019-04-17
Onur ps5,Trailer Park Boys: The Animated Series,Turkey,2019-04-17
Onur ps5,Limitless,Turkey,2019-04-17
Onur ps5,The Perfect Date,Turkey,2019-04-14
Onur ps5,First Team: Juventus,Turkey,2019-02-27
Onur ps5,Hot Girls Wanted,Turkey,2019-02-07
Onur ps5,Auschwitz: The Nazis and the Final Solution,Turkey,2019-02-07
Onur ps5,Icarus,Turkey,2019-02-07
Onur ps5,Tricked,Turkey,2019-02-07
Onur ps5,Final Space,Turkey,2019-02-01
Onur ps5,You,Turkey,2019-01-29
Onur ps5,Annihilation,Turkey,2019-01-29
Onur ps5,Breaking Bad,Turkey,2019-01-29
Onur ps5,DEATH NOTE,Turkey,2019-01-29
Onur ps5,Narcos: Mexico,Turkey,2019-01-29
Onur ps5,Altered Carbon,Turkey,2019-01-29
Onur ps5,Mac & Devin Go to High School,Turkey,2019-01-29
Onur ps5,Bright,Turkey,2019-01-29
Onur ps5,Perfume,Turkey,2019-01-28
Onur ps5,Peaky Blinders,Turkey,2019-01-28
Onur ps5,Innocent,Turkey,2019-01-28
Onur ps5,Black Mirror,Turkey,2019-01-04
Onur ps5,Narcos,Turkey,2019-01-04
Onur ps5,Maniac,Turkey,2019-01-04
Onur ps5,Money Heist,Turkey,2019-01-04
Onur ps5,Vikings,Turkey,2019-01-04
Onur ps5,Rick and Morty,Turkey,2019-01-04
mehmet,The Life and Movies of Erşan Kuneri,Turkey,2022-05-20
mehmet,The Woman in the Window,Turkey,2021-05-12
mehmet,One-Way to Tomorrow,Turkey,2020-06-27
nergiz,Glass Onion: A Knives Out Mystery,Turkey,2022-12-24
nergiz,The Secret: Dare to Dream,Turkey,2020-12-03
nergiz,Breaking Bad,Turkey,2020-12-02
nergiz,The Trial,Turkey,2020-04-14
nergiz,The Road to Calvary,Turkey,2020-03-16
nergiz,The Revenant,Turkey,2020-02-24
nergiz,Dogs of Berlin,Turkey,2019-07-27
nergiz,Innocent,Turkey,2019-07-26
nergiz,Another Life,Turkey,2019-07-26
nergiz,Maniac,Turkey,2019-07-26
nergiz,Kardeşim Benim 2,Turkey,2019-07-26
nergiz,Kardeşim Benim,Turkey,2019-07-26
nergiz,Wolf,Turkey,2019-07-23
nergiz,Gods of Egypt,Turkey,2019-04-14
nergiz,One-Punch Man,Turkey,2019-04-13
eren,Cyberbunker: The Criminal Underworld,Turkey,2023-11-09
eren,Hollow,Turkey,2023-11-07
eren,Reptile,Turkey,2023-10-08
eren,Entergalactic,Turkey,2023-06-13
eren,Nobody,Turkey,2023-06-12
eren,Mulligan,Turkey,2023-06-06
eren,Everything Everywhere All at Once,Turkey,2023-03-11
eren,"Money, Explained",Turkey,2023-03-08
eren,Get Smart With Money,Turkey,2023-03-08
eren,Moneyball,Turkey,2023-03-08
eren,Outer Banks,Turkey,2023-02-26
eren,The Irishman,Turkey,2023-02-25
eren,Sin City,Turkey,2023-02-23
eren,Fractured,Turkey,2023-02-11
eren,Carlito's Way,Turkey,2023-02-11
eren,Donnie Brasco,Turkey,2023-02-11
eren,Adventure Beast,Turkey,2023-01-22
eren,White Noise,Turkey,2023-01-01
eren,Kaleidoscope,Turkey,2023-01-01
eren,Hot Skull,Turkey,2022-12-27
eren,Glass Onion: A Knives Out Mystery,Turkey,2022-12-24
eren,Troll,Turkey,2022-12-04
eren,Honey Boy,Turkey,2022-11-25
eren,Wednesday,Turkey,2022-11-25
eren,Our Universe,Turkey,2022-11-25
eren,BLOCKBUSTER,Turkey,2022-11-25
eren,Ancient Apocalypse,Turkey,2022-11-25
eren,Guillermo del Toro's Cabinet of Curiosities,Turkey,2022-11-14
eren,Stutz,Turkey,2022-11-14
eren,Hellbound,Turkey,2022-10-05
eren,Arcane,Turkey,2022-10-05
eren,How to Sell Drugs Online (Fast),Turkey,2022-10-05
eren,Conversations with a Killer: The Ted Bundy Tapes,Turkey,2022-09-30
eren,Inside the Criminal Mind,Turkey,2022-09-30
eren,Conversations with a Killer: The John Wayne Gacy Tapes,Turkey,2022-09-30
eren,DAHMER,Turkey,2022-09-21
eren,The Good Place,Turkey,2022-09-15
eren,Superstore,Turkey,2022-09-15
eren,Trailer Park Boys,Turkey,2022-09-14
eren,The Imperfects,Turkey,2022-09-10
eren,The Office (U.S.),Turkey,2022-09-08
eren,Community,Turkey,2022-09-08
eren,Suits,Turkey,2022-09-08
eren,The Call,Turkey,2022-09-07
eren,The Craigslist Killer,Turkey,2022-09-07
eren,Happy!,Turkey,2022-09-06
eren,Space Force,Turkey,2022-09-06
eren,Dirk Gently's Holistic Detective Agency,Turkey,2022-09-05
eren,Lost in Space,Turkey,2022-08-13
eren,The Sandman,Turkey,2022-08-08
eren,Midnight Mass,Turkey,2022-07-11
eren,Archive 81,Turkey,2022-07-03
eren,Ghost Wars,Turkey,2022-06-29
eren,Shadowhunters: The Mortal Instruments,Turkey,2022-06-29
eren,You Don't Know Me,Turkey,2022-06-23
eren,The Royal Game,Turkey,2022-06-18
eren,Spiderhead,Turkey,2022-06-18
eren,Ash vs. Evil Dead,Turkey,2022-06-03
eren,The Ranch,Turkey,2022-05-14
eren,Q-Force,Turkey,2022-04-08
eren,Better Call Saul,Turkey,2022-04-02
eren,Human Resources,Turkey,2022-04-01
eren,The Privilege,Turkey,2022-02-25
eren,"The Mind, Explained",Turkey,2022-02-12
eren,Ricky Gervais: Humanity,Turkey,2022-02-12
eren,The Woman in the House Across the Street from the Girl in the Window,Turkey,2022-02-08
eren,The Tinder Swindler,Turkey,2022-02-08
eren,"Extremely Wicked, Shockingly Evil and Vile",Turkey,2022-01-17
eren,The House,Turkey,2022-01-17
eren,The Guilty,Turkey,2022-01-06
eren,Maniac,Turkey,2022-01-01
eren,Animal,Turkey,2021-11-15
eren,Doctor Sleep,Turkey,2021-11-15
eren,Inside Job,Turkey,2021-10-24
eren,Chicago Party Aunt,Turkey,2021-09-23
eren,How High,Turkey,2021-08-16
eren,Don't Breathe,Turkey,2021-08-16
eren,Close Enough,Turkey,2021-08-16
eren,Explained,Turkey,2021-07-15
eren,Human: The World Within,Turkey,2021-07-15
eren,Aunty Donna's Big Ol' House of Fun,Turkey,2021-02-20
eren,The Haunting of Hill House,Turkey,2021-01-28
eren,Gerald's Game,Turkey,2020-12-27
eren,Osmosis,Turkey,2020-12-21
eren,Alice in Borderland,Turkey,2020-12-21
eren,Sense8,Turkey,2020-12-21
eren,Requiem for a Dream,Turkey,2020-12-05
eren,Roman Empire,Turkey,2020-12-05
eren,Uncut Gems,Turkey,2020-12-05
eren,The Prestige,Turkey,2020-12-01
eren,The Queen's Gambit,Turkey,2020-11-21
eren,Christine,Turkey,2020-11-14
eren,In the Tall Grass,Turkey,2020-11-14
eren,Barbarians,Turkey,2020-10-23
eren,"House of 1,000 Corpses",Turkey,2020-10-16
eren,1922,Turkey,2020-09-25
eren,The Revenant,Turkey,2020-09-25
eren,Focus,Turkey,2020-09-25
eren,Shutter Island,Turkey,2020-09-25
eren,Mortal World,Turkey,2020-08-23
eren,Elite,Turkey,2020-07-08
eren,"Love, Death & Robots",Turkey,2020-07-08
eren,The Order,Turkey,2020-06-29
eren,History 101,Turkey,2020-06-03
eren,Watchmen,Turkey,2020-06-03
eren,Titans,Turkey,2020-06-03
eren,Black Mirror,Turkey,2020-05-26
eren,Trailer Park Boys: The Animated Series,Turkey,2020-05-26
eren,GANTZ:O,Turkey,2020-05-20
eren,Pet Sematary,Turkey,2020-05-11
eren,Locke & Key,Turkey,2020-05-05
eren,Greatest Events of WWII in Colour,Turkey,2020-05-03
eren,The Umbrella Academy,Turkey,2020-05-03
eren,F is for Family,Turkey,2020-05-03
eren,Big Mouth,Turkey,2020-05-02
eren,Freud,Turkey,2020-05-02
eren,Dark,Turkey,2020-05-02
eren,"I, Frankenstein",Turkey,2020-05-02
eren,Marco Polo,Turkey,2020-05-02
eren,Paradise PD,Turkey,2020-05-02
eren,Dracula,Turkey,2020-05-02
eren,The Platform,Turkey,2020-05-02
eren,Altered Carbon,Turkey,2020-05-01
eren,The Witcher,Turkey,2020-05-01
eren,Final Space,Turkey,2020-05-01
thanks bro,Legends of the Fall,Turkey,2023-12-07
thanks bro,Avatar The Last Airbender,Turkey,2023-11-14
thanks bro,Burning Days,Turkey,2023-08-29
thanks bro,Cici,Turkey,2023-08-29
thanks bro,Hokkabaz,Turkey,2023-08-29
thanks bro,Cunk On Earth,Turkey,2023-08-29
thanks bro,Black Lagoon,Turkey,2023-03-08
thanks bro,The End of Evangelion,Turkey,2023-02-18
thanks bro,The Lost Daughter,Turkey,2023-02-18
thanks bro,Hajime no Ippo: The Fighting!,Turkey,2023-01-29
thanks bro,Monster,Turkey,2023-01-29
thanks bro,Berserk,Turkey,2023-01-29
thanks bro,Jane Eyre,Turkey,2023-01-25
thanks bro,Perfume: The Story of a Murderer,Turkey,2022-12-08
thanks bro,Harry & Meghan,Turkey,2022-12-05
thanks bro,Emily in Paris,Turkey,2022-12-05
thanks bro,Little Women,Turkey,2022-12-04
thanks bro,Tokyo Godfathers,Turkey,2022-11-17
thanks bro,Princess Mononoke,Turkey,2022-11-17
thanks bro,There Will Be Blood,Turkey,2022-11-17
thanks bro,Pain and Glory,Turkey,2022-11-17
thanks bro,Before Midnight,Turkey,2022-11-17
thanks bro,Cape Fear,Turkey,2022-11-17
thanks bro,Salt Fat Acid Heat,Turkey,2022-11-17
thanks bro,She's Gotta Have It,Turkey,2022-11-17
thanks bro,Lawrence of Arabia: Restored Version,Turkey,2022-11-17
thanks bro,Monty Python and the Holy Grail,Turkey,2022-11-17
thanks bro,Vanilla Sky,Turkey,2022-10-26
thanks bro,Before Sunrise,Turkey,2022-10-26
thanks bro,Call Me by Your Name,Turkey,2022-10-26
thanks bro,Julie & Julia,Turkey,2022-10-26
thanks bro,Persuasion,Turkey,2022-10-21
thanks bro,Grace and Frankie,Turkey,2022-10-20
thanks bro,ATHENA,Turkey,2022-10-03
thanks bro,Nocturnal Animals,Turkey,2022-09-13
thanks bro,Everything Everywhere All at Once,Turkey,2022-09-13
thanks bro,The Sandman,Turkey,2022-09-13
thanks bro,Silver Linings Playbook,Turkey,2022-09-13
thanks bro,Manhattan Murder Mystery,Turkey,2022-09-13
thanks bro,Hunter X Hunter (2011),Turkey,2022-09-06
thanks bro,The Great Gatsby,Turkey,2022-09-03
thanks bro,Saving Private Ryan,Turkey,2022-09-03
thanks bro,Ivy,Turkey,2022-09-03
thanks bro,Tenet,Turkey,2022-09-03
thanks bro,Dunkirk,Turkey,2022-09-03
thanks bro,Minority Report,Turkey,2022-09-03
thanks bro,The Remains of the Day,Turkey,2022-09-03
thanks bro,Ethos,Turkey,2022-09-03
thanks bro,Seven,Turkey,2022-09-03
thanks bro,The Sting,Turkey,2022-09-03
thanks bro,Top Gun,Turkey,2022-09-03
thanks bro,Constantine,Turkey,2022-09-03
thanks bro,"Love, Death & Robots",Turkey,2022-08-13
thanks bro,Ergo Proxy,Turkey,2022-08-13
thanks bro,The Game,Turkey,2022-07-22
thanks bro,Persuasion,Turkey,2022-07-18
thanks bro,VINLAND SAGA,Turkey,2022-07-07
thanks bro,Another Round,Turkey,2022-07-05
thanks bro,Komi Can't Communicate,Turkey,2022-07-05
thanks bro,Ricky Gervais: SuperNature,Turkey,2022-05-24
thanks bro,Ergo Proxy,Turkey,2022-05-23
thanks bro,Business Proposal,Turkey,2022-05-04
thanks bro,Knives Out,Turkey,2022-04-23
thanks bro,The Life and Movies of Erşan Kuneri,Turkey,2022-04-20
thanks bro,Russian Doll,Turkey,2022-04-07
thanks bro,Tuca & Bertie,Turkey,2022-03-26
thanks bro,Human Resources,Turkey,2022-03-25
thanks bro,The Andy Warhol Diaries,Turkey,2022-03-13
thanks bro,The Woman in the House Across the Street from the Girl in the Window,Turkey,2022-02-02
thanks bro,Fate/Zero,Turkey,2022-02-01
thanks bro,A Tale of Three Sisters,Turkey,2022-01-29
thanks bro,Meet Joe Black,Turkey,2022-01-29
thanks bro,American Vandal,Turkey,2022-01-29
thanks bro,Scarface,Turkey,2022-01-29
thanks bro,Batman Ninja,Turkey,2022-01-21
thanks bro,Neon Genesis Evangelion,Turkey,2022-01-03
thanks bro,Oh My Venus,Turkey,2021-12-26
thanks bro,The Club,Turkey,2021-12-25
thanks bro,Dead to Me,Turkey,2021-12-25
thanks bro,12 Monkeys,Turkey,2021-12-25
thanks bro,The Office (U.S.),Turkey,2021-12-25
thanks bro,Don't Look Up,Turkey,2021-12-25
thanks bro,Cem Yılmaz: Diamond Elite Platinum Plus,Turkey,2021-12-25
thanks bro,Chef's Table,Turkey,2021-12-25
thanks bro,Spider-Man: Homecoming,Turkey,2021-12-16
thanks bro,I'm Glad I Did,Turkey,2021-12-07
thanks bro,The Power of the Dog,Turkey,2021-12-07
thanks bro,Noah Land,Turkey,2021-12-07
thanks bro,I Lost My Body,Turkey,2021-12-07
thanks bro,Django Unchained,Turkey,2021-12-07
thanks bro,Ronny Chieng: Asian Comedian Destroys America!,Turkey,2021-12-07
thanks bro,JoJo's Bizarre Adventure,Turkey,2021-12-07
thanks bro,Neon Genesis Evangelion,Turkey,2021-12-07
thanks bro,8 Mile,Turkey,2021-12-07
thanks bro,Mr. Robot,Turkey,2021-12-07
thanks bro,Inglourious Basterds,Turkey,2021-12-07
thanks bro,Comedians in Cars Getting Coffee,Turkey,2021-12-07
thanks bro,Where is Marta?,Turkey,2021-11-23
thanks bro,Big Mouth,Turkey,2021-10-30
thanks bro,Gilmore Girls,Turkey,2021-10-26
thanks bro,Cowboy Bebop,Turkey,2021-10-23
thanks bro,Family Business,Turkey,2021-10-17
thanks bro,Fullmetal Alchemist: Brotherhood,Turkey,2021-10-03
thanks bro,Seinfeld,Turkey,2021-10-03
thanks bro,Code Geass: Lelouch of the Rebellion,Turkey,2021-10-03
thanks bro,Love 101,Turkey,2021-09-29
thanks bro,You,Turkey,2021-09-29
thanks bro,Good Girls,Turkey,2021-09-22
thanks bro,The Seven Deadly Sins,Turkey,2021-09-16
thanks bro,For Life,Turkey,2021-09-02
thanks bro,Valeria,Turkey,2021-08-21
thanks bro,Violet Evergarden,Turkey,2021-08-17
thanks bro,Final Space,Turkey,2021-08-17
thanks bro,The Purge,Turkey,2021-08-12
thanks bro,Babies,Turkey,2021-07-29
thanks bro,Friends with Money,Turkey,2021-07-24
thanks bro,Biohackers,Turkey,2021-07-22
thanks bro,A Tale of Three Sisters,Turkey,2021-06-05
thanks bro,The Gift,Turkey,2021-05-26
thanks bro,Master of None,Turkey,2021-05-24
thanks bro,Human: The World Within,Turkey,2021-05-16
thanks bro,Pretty Guardian Sailor Moon Eternal The Movie,Turkey,2021-05-16
thanks bro,The Social Dilemma,Turkey,2021-05-06
thanks bro,The Shawshank Redemption,Turkey,2021-05-02
thanks bro,My Hero Academia,Turkey,2021-04-18
thanks bro,Erased,Turkey,2021-04-14
thanks bro,Spirited Away,Turkey,2021-03-16
thanks bro,Spycraft,Turkey,2021-03-16
thanks bro,Malcolm & Marie,Turkey,2021-02-08
thanks bro,The Good Place,Turkey,2021-02-08
thanks bro,50 First Dates,Turkey,2021-02-07
thanks bro,Celeste and Jesse Forever,Turkey,2021-01-15
thanks bro,Hacivat Karagoz Neden Olduruldu?,Turkey,2021-01-15
thanks bro,Ocean's Eleven,Turkey,2021-01-15
thanks bro,Ronnie Coleman: The King,Turkey,2021-01-14
thanks bro,Castlevania,Turkey,2020-12-31
thanks bro,21,Turkey,2020-12-31
thanks bro,Holidate,Turkey,2020-12-27
thanks bro,The Prom,Turkey,2020-12-27
thanks bro,The Originals,Turkey,2020-12-26
thanks bro,The Blacklist,Turkey,2020-12-26
thanks bro,The Usual Suspects,Turkey,2020-12-26
thanks bro,Lucy,Turkey,2020-12-26
thanks bro,Focus,Turkey,2020-12-26
thanks bro,Fullmetal Alchemist,Turkey,2020-12-25
thanks bro,Outlander,Turkey,2020-12-19
thanks bro,The Lego Movie,Turkey,2020-12-13
thanks bro,Start-Up,Turkey,2020-12-13
thanks bro,Immortals,Turkey,2020-12-13
thanks bro,I Lost My Body,Turkey,2020-12-13
thanks bro,Stuck Apart,Turkey,2020-12-13
thanks bro,Ugly Delicious,Turkey,2020-12-13
thanks bro,Giri / Haji,Turkey,2020-12-13
thanks bro,Selfless,Turkey,2020-12-13
thanks bro,Atlantics,Turkey,2020-12-13
thanks bro,Blood of Zeus,Turkey,2020-12-12
thanks bro,American Vandal,Turkey,2020-11-30
thanks bro,Marco Polo,Turkey,2020-11-30
thanks bro,Master of None,Turkey,2020-11-29
thanks bro,The Surgeon's Cut,Turkey,2020-11-29
thanks bro,"Girl, Interrupted",Turkey,2020-11-25
thanks bro,Ethos,Turkey,2020-11-12
thanks bro,The Social Dilemma,Turkey,2020-10-22
thanks bro,Skins,Turkey,2020-10-11
thanks bro,Enola Holmes,Turkey,2020-10-11
thanks bro,Emily in Paris,Turkey,2020-10-05
thanks bro,Modern Family,Turkey,2020-08-13
thanks bro,The Notebook,Turkey,2020-08-08
thanks bro,Anne with an E,Turkey,2020-07-20
thanks bro,Sausage Party,Turkey,2020-07-07
thanks bro,Lost Bullet,Turkey,2020-06-29
thanks bro,Modern Family,Turkey,2020-06-29
thanks bro,"Sex, Explained",Turkey,2020-05-26
thanks bro,Park Na-rae: Glamour Warning,Turkey,2020-05-22
thanks bro,Jane The Virgin,Turkey,2020-05-18
thanks bro,History 101,Turkey,2020-05-18
thanks bro,Keeping Up with the Kardashians,Turkey,2020-05-18
thanks bro,Nadiya’s Time to Eat,Turkey,2020-05-06
thanks bro,The Godfather,Turkey,2020-05-06
thanks bro,The Breakfast Club,Turkey,2020-05-04
thanks bro,Paradise PD,Turkey,2020-05-03
thanks bro,Master of None,Turkey,2020-05-03
thanks bro,Maniac,Turkey,2020-04-30
thanks bro,Altered Carbon,Turkey,2020-04-30
thanks bro,The Midnight Gospel,Turkey,2020-04-24
thanks bro,Patriot Act with Hasan Minhaj,Turkey,2020-04-07
thanks bro,Community,Turkey,2020-03-31
thanks bro,Brooklyn Nine-Nine,Turkey,2020-03-22
thanks bro,The IT Crowd,Turkey,2020-02-18
thanks bro,Big Fish,Turkey,2020-02-07
thanks bro,Blue Valentine,Turkey,2020-02-06
thanks bro,Miss Americana,Turkey,2020-02-01
thanks bro,Lucy,Turkey,2020-01-21
thanks bro,Fracture,Turkey,2020-01-21
thanks bro,The Great Gatsby,Turkey,2020-01-21
thanks bro,The Hangover,Turkey,2020-01-14
thanks bro,"Crazy, Stupid, Love.",Turkey,2020-01-14
thanks bro,Pose,Turkey,2020-01-09
thanks bro,Zodiac,Turkey,2020-01-07
thanks bro,The Game Changers,Turkey,2019-12-30
thanks bro,The Invention of Lying,Turkey,2019-12-29
thanks bro,Lady Bird,Turkey,2019-12-29
thanks bro,The Meyerowitz Stories (New and Selected),Turkey,2019-12-09
thanks bro,Okja,Turkey,2019-12-08
thanks bro,The Irishman,Turkey,2019-11-26
thanks bro,Special Correspondents,Turkey,2019-11-23
thanks bro,Genius of the Modern World,Turkey,2019-11-13
thanks bro,Yes Man,Turkey,2019-11-12
thanks bro,Limonata,Turkey,2019-11-12
thanks bro,The Kominsky Method,Turkey,2019-11-12
thanks bro,One Flew Over the Cuckoo's Nest,Turkey,2019-10-21
thanks bro,Unnatural Selection,Turkey,2019-10-13
thanks bro,I Am Mother,Turkey,2019-10-13
thanks bro,Lawrence of Arabia: Restored Version,Turkey,2019-10-13
thanks bro,Between Two Ferns: The Movie,Turkey,2019-10-13
thanks bro,Punch-Drunk Love,Turkey,2019-10-13
thanks bro,The Big Short,Turkey,2019-10-13
thanks bro,Conan Without Borders,Turkey,2019-09-30
thanks bro,Russian Doll,Turkey,2019-09-14
thanks bro,Archer,Turkey,2019-09-14
thanks bro,Patriot Act with Hasan Minhaj,Turkey,2019-09-14
thanks bro,Explained,Turkey,2019-08-22
thanks bro,The Great Hack,Turkey,2019-08-03
thanks bro,The Crown,Turkey,2019-08-03
thanks bro,Tidying Up with Marie Kondo,Turkey,2019-08-01
thanks bro,That '70s Show,Turkey,2019-07-21
thanks bro,Innocent,Turkey,2019-07-21
thanks bro,The Talented Mr. Ripley,Turkey,2019-07-17
thanks bro,ANIMA,Turkey,2019-07-17
thanks bro,The Matrix,Turkey,2019-07-17
thanks bro,Altered Carbon,Turkey,2019-07-17
thanks bro,What the Health,Turkey,2019-07-14
thanks bro,Street Food: Asia,Turkey,2019-07-13
thanks bro,Masters of Sex,Turkey,2019-06-26
thanks bro,Californication,Turkey,2019-06-16
thanks bro,Sense8,Turkey,2019-06-16
thanks bro,The Blacklist,Turkey,2019-06-16
thanks bro,Murder Mystery,Turkey,2019-06-16
thanks bro,Peep Show,Turkey,2019-06-16
thanks bro,Adventure Time,Turkey,2019-06-01
thanks bro,Jane Eyre,Turkey,2019-06-01
thanks bro,What the Health,Turkey,2019-06-01
thanks bro,Ricky Gervais: Humanity,Turkey,2019-05-28
thanks bro,"Jim & Andy: The Great Beyond - Featuring a Very Special, Contractually Obligated Mention of Tony Clifton",Turkey,2019-03-18
thanks bro,Cannabis: The Evil Weed?,Turkey,2019-03-18
thanks bro,After Life,Turkey,2019-03-18
thanks bro,Marvel's Daredevil,Turkey,2019-03-18
thanks bro,The Umbrella Academy,Turkey,2019-03-18
thanks bro,Scent of a Woman,Turkey,2019-03-18
thanks bro,2001: A Space Odyssey,Turkey,2019-03-18
thanks bro,The Ballad of Buster Scruggs,Turkey,2019-03-18
thanks bro,The Pursuit of Happyness,Turkey,2019-03-18
thanks bro,BoJack Horseman,Turkey,2019-03-16
thanks bro,Sherlock,Turkey,2019-03-15
thanks bro,How I Met Your Mother,Turkey,2019-03-15
thanks bro,Dogs of Berlin,Turkey,2019-03-15
thanks bro,Behzat Ç.,Turkey,2019-03-15
thanks bro,Black Mirror,Turkey,2019-03-15
thanks bro,Avatar: The Last Airbender,Turkey,2019-03-15
